Dataset,File_name
NASA-MSL,T-13.test.out
NASA-MSL,F-4.test.out
NASA-MSL,M-4.test.out
NASA-MSL,P-14.test.out
NASA-MSL,F-5.test.out
NASA-MSL,F-7.test.out
NASA-MSL,T-9.test.out
NASA-MSL,C-2.test.out
NASA-MSL,D-16.test.out
NASA-MSL,T-12.test.out
NASA-MSL,S-2.test.out
NASA-MSL,T-4.test.out
Genesis,genesis-anomalies.test.csv@1.out
Genesis,genesis-anomalies.test.csv@13.out
Genesis,genesis-anomalies.test.csv@6.out
Daphnet,S03R03E4.test.csv@2.out
Daphnet,S09R01E0.test.csv@7.out
Daphnet,S02R01E0.test.csv@4.out
Daphnet,S09R01E0.test.csv@9.out
Daphnet,S03R02E0.test.csv@6.out
Daphnet,S01R02E0.test.csv@1.out
Daphnet,S09R01E4.test.csv@6.out
Daphnet,S03R02E0.test.csv@7.out
Daphnet,S09R01E4.test.csv@1.out
Daphnet,S08R01E0.test.csv@4.out
Daphnet,S02R01E0.test.csv@3.out
Daphnet,S03R02E0.test.csv@2.out
Daphnet,S03R01E1.test.csv@8.out
Daphnet,S03R03E4.test.csv@1.out
Daphnet,S03R02E0.test.csv@4.out
Daphnet,S09R01E0.test.csv@2.out
Daphnet,S06R01E2.test.csv@5.out
Daphnet,S09R01E2.test.csv@4.out
Daphnet,S09R01E2.test.csv@8.out
Daphnet,S03R01E0.test.csv@3.out
Daphnet,S03R03E4.test.csv@4.out
Daphnet,S09R01E0.test.csv@1.out
Daphnet,S09R01E0.test.csv@6.out
NASA-SMAP,E-11.test.out
NASA-SMAP,G-2.test.out
NASA-SMAP,E-10.test.out
NASA-SMAP,F-1.test.out
NASA-SMAP,P-4.test.out
NASA-SMAP,G-4.test.out
NASA-SMAP,A-4.test.out
NASA-SMAP,D-8.test.out
NASA-SMAP,A-1.test.out
NASA-SMAP,A-7.test.out
NASA-SMAP,D-1.test.out
NASA-SMAP,P-2.test.out
NASA-SMAP,T-2.test.out
NASA-SMAP,E-4.test.out
NASA-SMAP,B-1.test.out
NASA-SMAP,D-7.test.out
NASA-SMAP,A-8.test.out
NASA-SMAP,G-1.test.out
NASA-SMAP,F-3.test.out
NASA-SMAP,E-7.test.out
NASA-SMAP,D-6.test.out
NASA-SMAP,A-9.test.out
NASA-SMAP,A-5.test.out
NASA-SMAP,T-1.test.out
NASA-SMAP,E-9.test.out
NASA-SMAP,E-5.test.out
NASA-SMAP,A-3.test.out
MITDB,213.test.csv@1.out
MITDB,212.test.csv@1.out
MITDB,213.test.csv@2.out
MITDB,111.test.csv@2.out
MITDB,223.test.csv@2.out
MITDB,215.test.csv@2.out
MITDB,118.test.csv@1.out
MITDB,223.test.csv@1.out
MITDB,221.test.csv@2.out
MITDB,122.test.csv@1.out
MITDB,100.test.csv@2.out
MITDB,201.test.csv@1.out
MITDB,221.test.csv@1.out
MITDB,215.test.csv@1.out
MITDB,212.test.csv@2.out
MITDB,233.test.csv@2.out
GHL,12_Lev_fault_Temp_corr_seed_43_vars_23.test.csv@8.out
GHL,22_Lev_fault_Temp_corr_seed_777_vars_23.test.csv@10.out
GHL,20_Lev_fault_Temp_corr_seed_67_vars_23.test.csv@10.out
GHL,47_Lev_corr_Temp_fault_seed_197_vars_23.test.csv@7.out
GHL,35_Lev_corr_Temp_fault_seed_153_vars_23.test.csv@13.out
GHL,48_Lev_corr_Temp_fault_seed_199_vars_23.test.csv@16.out
GHL,03_Lev_fault_Temp_corr_seed_19_vars_23.test.csv@1.out
GHL,47_Lev_corr_Temp_fault_seed_197_vars_23.test.csv@3.out
GHL,41_Lev_corr_Temp_fault_seed_181_vars_23.test.csv@3.out
GHL,12_Lev_fault_Temp_corr_seed_43_vars_23.test.csv@4.out
GHL,11_Lev_fault_Temp_corr_seed_41_vars_23.test.csv@13.out
GHL,04_Lev_fault_Temp_corr_seed_23_vars_23.test.csv@8.out
GHL,19_Lev_fault_Temp_corr_seed_62_vars_23.test.csv@13.out
GHL,22_Lev_fault_Temp_corr_seed_777_vars_23.test.csv@8.out
GHL,28_Lev_corr_Temp_fault_seed_119_vars_23.test.csv@13.out
GHL,35_Lev_corr_Temp_fault_seed_153_vars_23.test.csv@12.out
GHL,07_Lev_fault_Temp_corr_seed_31_vars_23.test.csv@4.out
GHL,19_Lev_fault_Temp_corr_seed_62_vars_23.test.csv@7.out
GHL,19_Lev_fault_Temp_corr_seed_62_vars_23.test.csv@10.out
GHL,20_Lev_fault_Temp_corr_seed_67_vars_23.test.csv@2.out
GHL,22_Lev_fault_Temp_corr_seed_777_vars_23.test.csv@4.out
GHL,10_Lev_fault_Temp_corr_seed_39_vars_23.test.csv@10.out
GHL,11_Lev_fault_Temp_corr_seed_41_vars_23.test.csv@10.out
GHL,05_Lev_fault_Temp_corr_seed_27_vars_23.test.csv@4.out
GHL,14_Lev_fault_Temp_corr_seed_47_vars_23.test.csv@13.out
GHL,02_Lev_fault_Temp_corr_seed_17_vars_23.test.csv@4.out
GHL,11_Lev_fault_Temp_corr_seed_41_vars_23.test.csv@4.out
GHL,01_Lev_fault_Temp_corr_seed_11_vars_23.test.csv@13.out
GHL,14_Lev_fault_Temp_corr_seed_47_vars_23.test.csv@8.out
GHL,06_Lev_fault_Temp_corr_seed_29_vars_23.test.csv@4.out
GHL,07_Lev_fault_Temp_corr_seed_31_vars_23.test.csv@2.out
GHL,20_Lev_fault_Temp_corr_seed_67_vars_23.test.csv@1.out
GHL,02_Lev_fault_Temp_corr_seed_17_vars_23.test.csv@8.out
GHL,06_Lev_fault_Temp_corr_seed_29_vars_23.test.csv@2.out
GHL,22_Lev_fault_Temp_corr_seed_777_vars_23.test.csv@13.out
GHL,02_Lev_fault_Temp_corr_seed_17_vars_23.test.csv@1.out
GHL,15_Lev_fault_Temp_corr_seed_49_vars_23.test.csv@10.out
GHL,14_Lev_fault_Temp_corr_seed_47_vars_23.test.csv@2.out
GHL,20_Lev_fault_Temp_corr_seed_67_vars_23.test.csv@4.out
GHL,16_Lev_fault_Temp_corr_seed_53_vars_23.test.csv@2.out
GHL,04_Lev_fault_Temp_corr_seed_23_vars_23.test.csv@2.out
GHL,12_Lev_fault_Temp_corr_seed_43_vars_23.test.csv@13.out
GHL,19_Lev_fault_Temp_corr_seed_62_vars_23.test.csv@8.out
GHL,15_Lev_fault_Temp_corr_seed_49_vars_23.test.csv@4.out
GHL,16_Lev_fault_Temp_corr_seed_53_vars_23.test.csv@13.out
GHL,11_Lev_fault_Temp_corr_seed_41_vars_23.test.csv@8.out
GHL,20_Lev_fault_Temp_corr_seed_67_vars_23.test.csv@13.out
GHL,07_Lev_fault_Temp_corr_seed_31_vars_23.test.csv@10.out
GHL,11_Lev_fault_Temp_corr_seed_41_vars_23.test.csv@1.out
GHL,09_Lev_fault_Temp_corr_seed_37_vars_23.test.csv@2.out
GHL,37_Lev_corr_Temp_fault_seed_163_vars_23.test.csv@13.out
GHL,03_Lev_fault_Temp_corr_seed_19_vars_23.test.csv@13.out
GHL,47_Lev_corr_Temp_fault_seed_197_vars_23.test.csv@1.out
GHL,05_Lev_fault_Temp_corr_seed_27_vars_23.test.csv@10.out
GHL,10_Lev_fault_Temp_corr_seed_39_vars_23.test.csv@1.out
GHL,09_Lev_fault_Temp_corr_seed_37_vars_23.test.csv@8.out
GHL,05_Lev_fault_Temp_corr_seed_27_vars_23.test.csv@8.out
GHL,08_Lev_fault_Temp_corr_seed_33_vars_23.test.csv@10.out
GHL,39_Lev_corr_Temp_fault_seed_170_vars_23.test.csv@3.out
GHL,10_Lev_fault_Temp_corr_seed_39_vars_23.test.csv@16.out
GHL,07_Lev_fault_Temp_corr_seed_31_vars_23.test.csv@8.out
GHL,37_Lev_corr_Temp_fault_seed_163_vars_23.test.csv@7.out
GHL,01_Lev_fault_Temp_corr_seed_11_vars_23.test.csv@10.out
SensorScope,stb-28.test.out
SensorScope,stb-2.test.out
SensorScope,stb-10.test.out
SensorScope,stb-7.test.out
SensorScope,stb-32.test.out
SensorScope,stb-13.test.out
SensorScope,stb-9.test.out
SensorScope,stb-15.test.out
SensorScope,stb-25.test.out
SensorScope,stb-3.test.out
SensorScope,stb-20.test.out
SensorScope,stb-29.test.out
Occupancy,room-occupancy-0.test.csv@2.out
Occupancy,room-occupancy-1.test.csv@4.out
Occupancy,room-occupancy-0.test.csv@1.out
Occupancy,room-occupancy-1.test.csv@3.out
Occupancy,room-occupancy-0.test.csv@3.out
SMD,machine-2-3.test.csv@22.out
SMD,machine-1-8.test.csv@11.out
SMD,machine-3-11.test.csv@15.out
SMD,machine-2-6.test.csv@31.out
SMD,machine-3-10.test.csv@7.out
SMD,machine-2-8.test.csv@21.out
SMD,machine-1-1.test.csv@1.out
SMD,machine-2-8.test.csv@24.out
SMD,machine-2-8.test.csv@1.out
SMD,machine-2-1.test.csv@20.out
SMD,machine-3-6.test.csv@10.out
SMD,machine-1-1.test.csv@19.out
SMD,machine-3-11.test.csv@10.out
SMD,machine-1-5.test.csv@28.out
SMD,machine-2-7.test.csv@32.out
SMD,machine-3-6.test.csv@15.out
SMD,machine-2-8.test.csv@11.out
SMD,machine-2-6.test.csv@26.out
SMD,machine-2-6.test.csv@2.out
SMD,machine-2-9.test.csv@16.out
SMD,machine-3-10.test.csv@24.out
SMD,machine-3-5.test.csv@31.out
SMD,machine-3-11.test.csv@28.out
SMD,machine-2-3.test.csv@25.out
SMD,machine-3-6.test.csv@20.out
SMD,machine-3-8.test.csv@36.out
SMD,machine-1-6.test.csv@2.out
SMD,machine-2-7.test.csv@4.out
SMD,machine-3-3.test.csv@16.out
SMD,machine-1-7.test.csv@34.out
SMD,machine-2-3.test.csv@16.out
SMD,machine-1-1.test.csv@20.out
SMD,machine-1-2.test.csv@10.out
SMD,machine-3-6.test.csv@9.out
SMD,machine-3-10.test.csv@26.out
SMD,machine-2-9.test.csv@26.out
SMD,machine-2-7.test.csv@23.out
SMD,machine-2-8.test.csv@18.out
SMD,machine-3-8.test.csv@3.out
SMD,machine-1-2.test.csv@18.out
SMD,machine-2-3.test.csv@4.out
SMD,machine-3-9.test.csv@25.out
SMD,machine-3-11.test.csv@16.out
SMD,machine-2-2.test.csv@33.out
SMD,machine-2-5.test.csv@1.out
SMD,machine-2-8.test.csv@2.out
SMD,machine-3-4.test.csv@6.out
SMD,machine-2-3.test.csv@21.out
SMD,machine-2-3.test.csv@23.out
SMD,machine-1-1.test.csv@25.out
SMD,machine-3-11.test.csv@32.out
SMD,machine-2-2.test.csv@6.out
SMD,machine-2-5.test.csv@9.out
SMD,machine-3-7.test.csv@17.out
SMD,machine-3-10.test.csv@1.out
SMD,machine-3-7.test.csv@6.out
SMD,machine-3-6.test.csv@22.out
SMD,machine-3-5.test.csv@28.out
SMD,machine-3-8.test.csv@32.out
SMD,machine-3-6.test.csv@32.out
SMD,machine-3-4.test.csv@34.out
SMD,machine-3-7.test.csv@7.out
SMD,machine-1-8.test.csv@24.out
SMD,machine-2-7.test.csv@28.out
SMD,machine-3-11.test.csv@1.out
SMD,machine-1-1.test.csv@14.out
SMD,machine-3-11.test.csv@11.out
SMD,machine-1-5.test.csv@20.out
SMD,machine-3-10.test.csv@21.out
SMD,machine-2-8.test.csv@3.out
SMD,machine-2-4.test.csv@13.out
SMD,machine-1-2.test.csv@26.out
SMD,machine-2-3.test.csv@7.out
SMD,machine-2-1.test.csv@11.out
SMD,machine-2-8.test.csv@12.out
SMD,machine-2-4.test.csv@22.out
SMD,machine-2-2.test.csv@10.out
SMD,machine-1-1.test.csv@23.out
SMD,machine-2-7.test.csv@20.out
SMD,machine-3-10.test.csv@11.out
SMD,machine-1-6.test.csv@13.out
SMD,machine-2-5.test.csv@15.out
SMD,machine-1-6.test.csv@4.out
SMD,machine-2-8.test.csv@7.out
SMD,machine-3-1.test.csv@35.out
SMD,machine-2-7.test.csv@3.out
SMD,machine-3-11.test.csv@19.out
SMD,machine-1-6.test.csv@9.out
SMD,machine-2-9.test.csv@10.out
SMD,machine-2-7.test.csv@19.out
SMD,machine-2-7.test.csv@21.out
SMD,machine-1-2.test.csv@15.out
SMD,machine-3-8.test.csv@11.out
SMD,machine-2-9.test.csv@11.out
SMD,machine-2-6.test.csv@7.out
SMD,machine-3-11.test.csv@6.out
SMD,machine-3-11.test.csv@3.out
SMD,machine-3-9.test.csv@31.out
SMD,machine-1-5.test.csv@4.out
SMD,machine-1-6.test.csv@1.out
SMD,machine-3-1.test.csv@20.out
SMD,machine-2-4.test.csv@1.out
SMD,machine-1-2.test.csv@12.out
SMD,machine-3-10.test.csv@4.out
SMD,machine-3-3.test.csv@22.out
SMD,machine-2-3.test.csv@6.out
SMD,machine-2-8.test.csv@23.out
SMD,machine-3-11.test.csv@7.out
SMD,machine-2-9.test.csv@9.out
SMD,machine-3-10.test.csv@25.out
SMD,machine-2-8.test.csv@32.out
SMD,machine-1-1.test.csv@9.out
SMD,machine-1-8.test.csv@26.out
SMD,machine-3-11.test.csv@4.out
SMD,machine-3-4.test.csv@7.out
SMD,machine-3-2.test.csv@11.out
SMD,machine-2-4.test.csv@20.out
SMD,machine-2-8.test.csv@30.out
SMD,machine-2-3.test.csv@28.out
SMD,machine-3-6.test.csv@13.out
SMD,machine-1-6.test.csv@3.out
SMD,machine-2-2.test.csv@12.out
SMD,machine-3-11.test.csv@21.out
SMD,machine-3-6.test.csv@6.out
SMD,machine-1-2.test.csv@7.out
SMD,machine-2-8.test.csv@34.out
SMD,machine-2-6.test.csv@15.out
SMD,machine-3-11.test.csv@37.out
SMD,machine-2-7.test.csv@6.out
SMD,machine-3-5.test.csv@23.out
SMD,machine-1-5.test.csv@21.out
SMD,machine-1-5.test.csv@32.out
SMD,machine-3-8.test.csv@28.out
SMD,machine-2-4.test.csv@15.out
SMD,machine-2-7.test.csv@31.out
SMD,machine-3-6.test.csv@12.out
SMD,machine-2-4.test.csv@31.out
SMD,machine-3-7.test.csv@10.out
SMD,machine-2-3.test.csv@3.out
SMD,machine-2-9.test.csv@12.out
SMD,machine-3-11.test.csv@12.out
MGAB,3.test.out
MGAB,2.test.out
MGAB,7.test.out
MGAB,10.test.out
MGAB,4.test.out
ECG,MBA_ECG14046_data_13.out
ECG,MBA_ECG14046_data_36.out
ECG,MBA_ECG14046_data_30.out
ECG,MBA_ECG14046_data_32.out
ECG,MBA_ECG14046_data_29.out
ECG,MBA_ECG803_data.out
ECG,MBA_ECG14046_data_23.out
ECG,MBA_ECG14046_data_3.out
ECG,MBA_ECG14046_data_12.out
ECG,MBA_ECG14046_data_5.out
ECG,MBA_ECG14046_data_2.out
ECG,MBA_ECG14046_data_20.out
ECG,MBA_ECG14046_data_35.out
ECG,MBA_ECG14046_data_34.out
ECG,MBA_ECG14046_data_4.out
ECG,MBA_ECG14046_data_9.out
ECG,MBA_ECG14046_data_40.out
ECG,MBA_ECG14046_data_45.out
ECG,MBA_ECG14046_data_43.out
ECG,MBA_ECG14046_data_17.out
ECG,MBA_ECG14046_data_42.out
ECG,MBA_ECG805_data.out
ECG,MBA_ECG14046_data_10.out
ECG,MBA_ECG14046_data_18.out
ECG,MBA_ECG14046_data_8.out
ECG,MBA_ECG14046_data_15.out
NAB,NAB_data_Traffic_4.out
NAB,NAB_data_CloudWatch_9.out
NAB,NAB_data_CloudWatch_1.out
NAB,NAB_data_CloudWatch_16.out
NAB,NAB_data_tweets_3.out
NAB,NAB_data_tweets_9.out
NAB,NAB_data_tweets_7.out
NAB,NAB_data_CloudWatch_17.out
NAB,NAB_data_Traffic_1.out
NAB,NAB_data_CloudWatch_11.out
NAB,NAB_data_CloudWatch_10.out
NAB,NAB_data_art1_5.out
NAB,NAB_data_Exchange_2.out
NAB,NAB_data_CloudWatch_13.out
NAB,NAB_data_Exchange_6.out
NAB,NAB_data_CloudWatch_12.out
NAB,NAB_data_tweets_5.out
NAB,NAB_data_CloudWatch_3.out
NAB,NAB_data_art1_4.out
NAB,NAB_data_CloudWatch_2.out
NAB,NAB_data_tweets_10.out
NAB,NAB_data_KnownCause_6.out
NAB,NAB_data_CloudWatch_8.out
NAB,NAB_data_tweets_2.out
NAB,NAB_data_tweets_6.out
SVDB,883.test.csv@1.out
SVDB,826.test.csv@1.out
SVDB,857.test.csv@2.out
SVDB,847.test.csv@1.out
SVDB,856.test.csv@1.out
SVDB,859.test.csv@2.out
SVDB,853.test.csv@1.out
SVDB,826.test.csv@2.out
SVDB,871.test.csv@1.out
SVDB,821.test.csv@1.out
SVDB,803.test.csv@1.out
SVDB,886.test.csv@1.out
SVDB,809.test.csv@1.out
SVDB,878.test.csv@2.out
SVDB,861.test.csv@2.out
SVDB,853.test.csv@2.out
SVDB,893.test.csv@2.out
SVDB,852.test.csv@1.out
SVDB,812.test.csv@1.out
SVDB,845.test.csv@2.out
SVDB,877.test.csv@2.out
SVDB,810.test.csv@2.out
SVDB,891.test.csv@2.out
SVDB,841.test.csv@1.out
SVDB,879.test.csv@1.out
SVDB,883.test.csv@2.out
SVDB,888.test.csv@2.out
SVDB,889.test.csv@2.out
SVDB,827.test.csv@2.out
SVDB,882.test.csv@1.out
SVDB,820.test.csv@1.out
SVDB,802.test.csv@1.out
SVDB,880.test.csv@2.out
SVDB,840.test.csv@1.out
SVDB,801.test.csv@1.out
SVDB,888.test.csv@1.out
SVDB,865.test.csv@1.out
SVDB,828.test.csv@2.out
SVDB,852.test.csv@2.out
SVDB,803.test.csv@2.out
SVDB,894.test.csv@1.out
SVDB,872.test.csv@2.out
SVDB,889.test.csv@1.out
SVDB,868.test.csv@2.out
SVDB,857.test.csv@1.out
SVDB,848.test.csv@1.out
SVDB,851.test.csv@1.out
SVDB,874.test.csv@2.out
SVDB,805.test.csv@2.out
SVDB,871.test.csv@2.out
SVDB,868.test.csv@1.out
SVDB,862.test.csv@1.out
SVDB,807.test.csv@1.out
SVDB,804.test.csv@1.out
SVDB,842.test.csv@2.out
SVDB,859.test.csv@1.out
SVDB,845.test.csv@1.out
SVDB,891.test.csv@1.out
Dodgers,101-freeway-traffic.test1.out
KDD21,003_UCR_Anomaly_DISTORTED3sddb40_35000_46600_46900.out
KDD21,063_UCR_Anomaly_DISTORTEDgaitHunt2_18500_31200_31850.out
KDD21,054_UCR_Anomaly_DISTORTEDWalkingAceleration5_2700_5920_5979.out
KDD21,184_UCR_Anomaly_resperation10_48000_130700_131880.out
KDD21,203_UCR_Anomaly_CHARISfive_11812_10995_11028.out
KDD21,188_UCR_Anomaly_resperation2_30000_168250_168251.out
KDD21,126_UCR_Anomaly_ECG4_8000_17000_17100.out
KDD21,186_UCR_Anomaly_resperation1_100000_110260_110412.out
KDD21,044_UCR_Anomaly_DISTORTEDPowerDemand1_9000_18485_18821.out
KDD21,114_UCR_Anomaly_CIMIS44AirTemperature2_4000_5703_5727.out
KDD21,047_UCR_Anomaly_DISTORTEDPowerDemand4_18000_24005_24077.out
KDD21,161_UCR_Anomaly_WalkingAceleration1_1500_2764_2995.out
KDD21,250_UCR_Anomaly_weallwalk_2951_7290_7296.out
KDD21,055_UCR_Anomaly_DISTORTEDapneaecg2_10000_20950_21100.out
KDD21,166_UCR_Anomaly_apneaecg_10000_12240_12308.out
KDD21,121_UCR_Anomaly_ECG3_15000_16000_16100.out
KDD21,219_UCR_Anomaly_STAFFIIIDatabase_41612_64632_64852.out
KDD21,174_UCR_Anomaly_insectEPG2_3700_8000_8025.out
KDD21,159_UCR_Anomaly_TkeepSecondMARS_3500_9330_9340.out
KDD21,094_UCR_Anomaly_NOISEBIDMC1_2500_5400_5600.out
KDD21,036_UCR_Anomaly_DISTORTEDInternalBleeding9_4200_6599_6681.out
KDD21,199_UCR_Anomaly_tiltAPB3_40000_114000_114370.out
KDD21,153_UCR_Anomaly_PowerDemand2_14000_23357_23717.out
KDD21,195_UCR_Anomaly_sel840mECG1_17000_51370_51740.out
KDD21,208_UCR_Anomaly_CHARISten_5130_27929_27989.out
KDD21,076_UCR_Anomaly_DISTORTEDresperation10_48000_130700_131880.out
KDD21,100_UCR_Anomaly_NOISELab2Cmac011215EPG1_5000_17210_17260.out
KDD21,083_UCR_Anomaly_DISTORTEDresperation9_38000_143411_143511.out
KDD21,045_UCR_Anomaly_DISTORTEDPowerDemand2_14000_23357_23717.out
KDD21,067_UCR_Anomaly_DISTORTEDinsectEPG3_5200_7000_7050.out
KDD21,144_UCR_Anomaly_InternalBleeding9_4200_6599_6681.out
KDD21,014_UCR_Anomaly_DISTORTEDECG3_8000_17000_17100.out
KDD21,242_UCR_Anomaly_tilt12744mtable_100000_104630_104890.out
KDD21,049_UCR_Anomaly_DISTORTEDTkeepFirstMARS_3500_5365_5380.out
KDD21,196_UCR_Anomaly_sel840mECG2_20000_49370_49740.out
KDD21,024_UCR_Anomaly_DISTORTEDInternalBleeding10_3200_4526_4556.out
KDD21,043_UCR_Anomaly_DISTORTEDMesoplodonDensirostris_10000_19280_19440.out
KDD21,206_UCR_Anomaly_CHARISten_25130_29080_29140.out
KDD21,181_UCR_Anomaly_park3m_60000_72150_72495.out
KDD21,001_UCR_Anomaly_DISTORTED1sddb40_35000_52000_52620.out
KDD21,020_UCR_Anomaly_DISTORTEDGP711MarkerLFM5z2_5000_7175_7388.out
KDD21,122_UCR_Anomaly_ECG3_8000_17000_17100.out
KDD21,116_UCR_Anomaly_CIMIS44AirTemperature4_4000_5549_5597.out
KDD21,064_UCR_Anomaly_DISTORTEDgaitHunt3_23400_38400_39200.out
KDD21,090_UCR_Anomaly_DISTORTEDtiltAPB2_50000_124159_124985.out
KDD21,139_UCR_Anomaly_InternalBleeding20_2700_5759_5919.out
KDD21,167_UCR_Anomaly_gait1_20000_38500_38800.out
KDD21,239_UCR_Anomaly_taichidbS0715Master_190037_593450_593514.out
KDD21,109_UCR_Anomaly_1sddb40_35000_52000_52620.out
KDD21,125_UCR_Anomaly_ECG4_5000_17000_17100.out
KDD21,048_UCR_Anomaly_DISTORTEDTkeepFifthMARS_3500_5988_6085.out
KDD21,120_UCR_Anomaly_ECG2_15000_16000_16100.out
KDD21,215_UCR_Anomaly_STAFFIIIDatabase_36276_106720_107370.out
KDD21,029_UCR_Anomaly_DISTORTEDInternalBleeding18_2300_4485_4587.out
KDD21,072_UCR_Anomaly_DISTORTEDltstdbs30791ES_20000_52600_52800.out
KDD21,053_UCR_Anomaly_DISTORTEDWalkingAceleration1_1500_2764_2995.out
KDD21,226_UCR_Anomaly_mit14046longtermecg_96123_123000_123300.out
KDD21,243_UCR_Anomaly_tilt12744mtable_100000_203355_203400.out
KDD21,240_UCR_Anomaly_taichidbS0715Master_240030_884100_884200.out
KDD21,168_UCR_Anomaly_gait2_22000_46500_46800.out
KDD21,017_UCR_Anomaly_DISTORTEDECG4_5000_17000_17100.out
KDD21,023_UCR_Anomaly_DISTORTEDGP711MarkerLFM5z5_5000_8612_8716.out
KDD21,015_UCR_Anomaly_DISTORTEDECG4_5000_16800_17100.out
KDD21,135_UCR_Anomaly_InternalBleeding16_1200_4187_4199.out
KDD21,235_UCR_Anomaly_mit14157longtermecg_18913_75450_75451.out
KDD21,218_UCR_Anomaly_STAFFIIIDatabase_41117_210720_211370.out
KDD21,155_UCR_Anomaly_PowerDemand4_18000_24005_24077.out
KDD21,128_UCR_Anomaly_GP711MarkerLFM5z2_5000_7175_7388.out
KDD21,074_UCR_Anomaly_DISTORTEDqtdbSel1005V_4000_12400_12800.out
KDD21,179_UCR_Anomaly_ltstdbs30791AS_23000_52600_52800.out
KDD21,021_UCR_Anomaly_DISTORTEDGP711MarkerLFM5z3_5000_5948_5993.out
KDD21,130_UCR_Anomaly_GP711MarkerLFM5z4_4000_6527_6645.out
KDD21,117_UCR_Anomaly_CIMIS44AirTemperature5_4000_4852_4900.out
KDD21,142_UCR_Anomaly_InternalBleeding6_1500_3474_3629.out
KDD21,011_UCR_Anomaly_DISTORTEDECG1_10000_11800_12100.out
KDD21,078_UCR_Anomaly_DISTORTEDresperation1_100000_110260_110412.out
KDD21,193_UCR_Anomaly_s20101m_10000_35774_35874.out
KDD21,132_UCR_Anomaly_InternalBleeding10_3200_4526_4556.out
KDD21,145_UCR_Anomaly_Lab2Cmac011215EPG1_5000_17210_17260.out
KDD21,213_UCR_Anomaly_STAFFIIIDatabase_33211_126920_127370.out
KDD21,216_UCR_Anomaly_STAFFIIIDatabase_37216_160720_161370.out
KDD21,194_UCR_Anomaly_sddb49_20000_67950_68200.out
KDD21,088_UCR_Anomaly_DISTORTEDsel840mECG2_20000_49370_49740.out
KDD21,086_UCR_Anomaly_DISTORTEDsddb49_20000_67950_68200.out
KDD21,013_UCR_Anomaly_DISTORTEDECG3_15000_16000_16100.out
KDD21,160_UCR_Anomaly_TkeepThirdMARS_3500_4711_4809.out
KDD21,158_UCR_Anomaly_TkeepForthMARS_3500_5988_6085.out
KDD21,059_UCR_Anomaly_DISTORTEDgait1_20000_38500_38800.out
KDD21,169_UCR_Anomaly_gait3_24500_59900_60500.out
KDD21,190_UCR_Anomaly_resperation4_70000_128430_128431.out
KDD21,201_UCR_Anomaly_CHARISfive_10000_17001_17016.out
KDD21,056_UCR_Anomaly_DISTORTEDapneaecg3_5000_11111_11211.out
KDD21,170_UCR_Anomaly_gaitHunt1_18500_33070_33180.out
KDD21,042_UCR_Anomaly_DISTORTEDLab2Cmac011215EPG6_7000_12190_12420.out
KDD21,245_UCR_Anomaly_tilt12754table_100211_270800_271070.out
KDD21,087_UCR_Anomaly_DISTORTEDsel840mECG1_17000_51370_51740.out
KDD21,082_UCR_Anomaly_DISTORTEDresperation4_70000_128430_128431.out
KDD21,085_UCR_Anomaly_DISTORTEDs20101m_10000_35774_35874.out
KDD21,200_UCR_Anomaly_tiltAPB4_20000_67995_67996.out
KDD21,092_UCR_Anomaly_DISTORTEDtiltAPB4_20000_67995_67996.out
KDD21,150_UCR_Anomaly_Lab2Cmac011215EPG6_7000_12190_12420.out
KDD21,238_UCR_Anomaly_mit14157longtermecg_21311_72600_72780.out
KDD21,231_UCR_Anomaly_mit14134longtermecg_8763_47530_47790.out
KDD21,096_UCR_Anomaly_NOISEECG4_5000_16900_17100.out
KDD21,099_UCR_Anomaly_NOISEInternalBleeding6_1500_3474_3629.out
KDD21,097_UCR_Anomaly_NOISEGP711MarkerLFM5z3_5000_5948_5993.out
KDD21,149_UCR_Anomaly_Lab2Cmac011215EPG5_7000_17390_17520.out
KDD21,103_UCR_Anomaly_NOISETkeepThirdMARS_3500_4711_4809.out
KDD21,165_UCR_Anomaly_apneaecg4_6000_16000_16100.out
KDD21,249_UCR_Anomaly_weallwalk_2753_8285_8315.out
KDD21,177_UCR_Anomaly_insectEPG5_3200_8500_8501.out
KDD21,205_UCR_Anomaly_CHARISfive_9812_28995_29085.out
KDD21,077_UCR_Anomaly_DISTORTEDresperation11_58000_110800_110801.out
KDD21,069_UCR_Anomaly_DISTORTEDinsectEPG5_3200_8500_8501.out
KDD21,163_UCR_Anomaly_apneaecg2_10000_20950_21100.out
KDD21,102_UCR_Anomaly_NOISEMesoplodonDensirostris_10000_19280_19440.out
KDD21,204_UCR_Anomaly_CHARISfive_12412_15000_15070.out
KDD21,222_UCR_Anomaly_mit14046longtermecg_56123_91200_91700.out
KDD21,041_UCR_Anomaly_DISTORTEDLab2Cmac011215EPG5_7000_17390_17520.out
KDD21,008_UCR_Anomaly_DISTORTEDCIMIS44AirTemperature4_4000_5549_5597.out
KDD21,247_UCR_Anomaly_tilt12755mtable_50211_121900_121980.out
KDD21,209_UCR_Anomaly_Fantasia_19000_26970_27270.out
KDD21,192_UCR_Anomaly_s20101mML2_12000_35774_35874.out
KDD21,019_UCR_Anomaly_DISTORTEDGP711MarkerLFM5z1_5000_6168_6212.out
IOPS,KPI-54350a12-7a9d-3ca8-b81f-f886b9d156fd.test.out
IOPS,KPI-6a757df4-95e5-3357-8406-165e2bd49360.train.out
IOPS,KPI-55f8b8b8-b659-38df-b3df-e4a5a8a54bc9.train.out
IOPS,KPI-adb2fde9-8589-3f5b-a410-5fe14386c7af.test.out
IOPS,KPI-43115f2a-baeb-3b01-96f7-4ea14188343c.train.out
IOPS,KPI-431a8542-c468-3988-a508-3afd06a218da.test.out
IOPS,KPI-a07ac296-de40-3a7c-8df3-91f642cc14d0.train.out
IOPS,KPI-9c639a46-34c8-39bc-aaf0-9144b37adfc8.test.out
IOPS,KPI-c02607e8-7399-3dde-9d28-8a8da5e5d251.test.out
IOPS,KPI-1c6d7a26-1f1a-3321-bb4d-7a9d969ec8f0.train.out
IOPS,KPI-c69a50cf-ee03-3bd7-831e-407d36c7ee91.train.out
IOPS,KPI-adb2fde9-8589-3f5b-a410-5fe14386c7af.train.out
IOPS,KPI-847e8ecc-f8d2-3a93-9107-f367a0aab37d.test.out
IOPS,KPI-301c70d8-1630-35ac-8f96-bc1b6f4359ea.train.out
IOPS,KPI-54350a12-7a9d-3ca8-b81f-f886b9d156fd.train.out
IOPS,KPI-a07ac296-de40-3a7c-8df3-91f642cc14d0.test.out
IOPS,KPI-847e8ecc-f8d2-3a93-9107-f367a0aab37d.train.out
IOPS,KPI-55f8b8b8-b659-38df-b3df-e4a5a8a54bc9.test.out
IOPS,KPI-7103fa0f-cac4-314f-addc-866190247439.test.out
IOPS,KPI-6a757df4-95e5-3357-8406-165e2bd49360.test.out
IOPS,KPI-8723f0fb-eaef-32e6-b372-6034c9c04b80.train.out
IOPS,KPI-9c639a46-34c8-39bc-aaf0-9144b37adfc8.train.out
IOPS,KPI-4d2af31a-9916-3d9f-8a8e-8a268a48c095.test.out
IOPS,KPI-c02607e8-7399-3dde-9d28-8a8da5e5d251.train.out
IOPS,KPI-42d6616d-c9c5-370a-a8ba-17ead74f3114.train.out
IOPS,KPI-0efb375b-b902-3661-ab23-9a0bb799f4e3.test.out
IOPS,KPI-ab216663-dcc2-3a24-b1ee-2c3e550e06c9.train.out
IOPS,KPI-0efb375b-b902-3661-ab23-9a0bb799f4e3.train.out
IOPS,KPI-4d2af31a-9916-3d9f-8a8e-8a268a48c095.train.out
OPPORTUNITY,S4-ADL2.test.csv@127.out
OPPORTUNITY,S1-ADL5.test.csv@126.out
OPPORTUNITY,S3-ADL4.test.csv@51.out
OPPORTUNITY,S1-ADL5.test.csv@113.out
OPPORTUNITY,S4-ADL5.test.csv@132.out
OPPORTUNITY,S1-ADL2.test.csv@55.out
OPPORTUNITY,S4-ADL5.test.csv@108.out
OPPORTUNITY,S4-ADL4.test.csv@104.out
OPPORTUNITY,S4-ADL2.test.csv@124.out
OPPORTUNITY,S3-ADL5.test.csv@66.out
OPPORTUNITY,S2-ADL1.test.csv@119.out
OPPORTUNITY,S1-ADL1.test.csv@95.out
OPPORTUNITY,S2-ADL2.test.csv@81.out
OPPORTUNITY,S1-ADL5.test.csv@80.out
OPPORTUNITY,S1-ADL5.test.csv@44.out
OPPORTUNITY,S3-ADL4.test.csv@67.out
OPPORTUNITY,S2-ADL2.test.csv@76.out
OPPORTUNITY,S2-ADL4.test.csv@77.out
OPPORTUNITY,S2-ADL2.test.csv@110.out
OPPORTUNITY,S1-ADL3.test.csv@76.out
OPPORTUNITY,S3-ADL1.test.csv@54.out
OPPORTUNITY,S2-ADL2.test.csv@94.out
OPPORTUNITY,S3-ADL4.test.csv@93.out
OPPORTUNITY,S1-ADL2.test.csv@124.out
OPPORTUNITY,S1-ADL4.test.csv@68.out
OPPORTUNITY,S2-ADL2.test.csv@126.out
OPPORTUNITY,S1-ADL2.test.csv@89.out
OPPORTUNITY,S3-ADL4.test.csv@130.out
OPPORTUNITY,S4-ADL2.test.csv@128.out
OPPORTUNITY,S2-ADL5.test.csv@40.out
OPPORTUNITY,S1-ADL4.test.csv@92.out
OPPORTUNITY,S2-ADL2.test.csv@120.out
OPPORTUNITY,S2-ADL2.test.csv@98.out
OPPORTUNITY,S1-ADL2.test.csv@42.out
OPPORTUNITY,S3-ADL3.test.csv@38.out
OPPORTUNITY,S1-ADL3.test.csv@132.out
OPPORTUNITY,S1-ADL3.test.csv@54.out
OPPORTUNITY,S4-ADL2.test.csv@81.out
OPPORTUNITY,S4-ADL5.test.csv@16.out
OPPORTUNITY,S2-ADL4.test.csv@79.out
OPPORTUNITY,S1-ADL2.test.csv@130.out
OPPORTUNITY,S1-ADL3.test.csv@47.out
OPPORTUNITY,S3-ADL3.test.csv@42.out
OPPORTUNITY,S3-ADL1.test.csv@56.out
OPPORTUNITY,S2-ADL4.test.csv@89.out
OPPORTUNITY,S1-ADL4.test.csv@98.out
OPPORTUNITY,S2-ADL4.test.csv@80.out
OPPORTUNITY,S2-ADL3.test.csv@91.out
OPPORTUNITY,S3-ADL4.test.csv@45.out
OPPORTUNITY,S3-ADL3.test.csv@50.out
OPPORTUNITY,S3-ADL3.test.csv@104.out
OPPORTUNITY,S2-ADL5.test.csv@53.out
OPPORTUNITY,S1-ADL4.test.csv@108.out
OPPORTUNITY,S4-ADL2.test.csv@131.out
OPPORTUNITY,S1-ADL5.test.csv@42.out
OPPORTUNITY,S4-ADL4.test.csv@124.out
OPPORTUNITY,S4-ADL4.test.csv@81.out
OPPORTUNITY,S2-ADL2.test.csv@96.out
OPPORTUNITY,S1-ADL3.test.csv@103.out
OPPORTUNITY,S1-ADL5.test.csv@103.out
OPPORTUNITY,S2-ADL5.test.csv@66.out
OPPORTUNITY,S1-ADL5.test.csv@92.out
OPPORTUNITY,S4-ADL5.test.csv@77.out
OPPORTUNITY,S3-ADL5.test.csv@103.out
OPPORTUNITY,S1-ADL3.test.csv@124.out
OPPORTUNITY,S3-ADL1.test.csv@80.out
OPPORTUNITY,S4-ADL1.test.csv@77.out
OPPORTUNITY,S1-ADL1.test.csv@66.out
OPPORTUNITY,S2-ADL4.test.csv@78.out
OPPORTUNITY,S3-ADL4.test.csv@94.out
OPPORTUNITY,S3-ADL1.test.csv@53.out
OPPORTUNITY,S1-ADL5.test.csv@124.out
OPPORTUNITY,S4-ADL2.test.csv@16.out
OPPORTUNITY,S4-ADL3.test.csv@124.out
OPPORTUNITY,S1-ADL4.test.csv@114.out
OPPORTUNITY,S4-ADL2.test.csv@32.out
OPPORTUNITY,S1-ADL3.test.csv@52.out
OPPORTUNITY,S1-ADL3.test.csv@67.out
OPPORTUNITY,S1-ADL5.test.csv@81.out
OPPORTUNITY,S1-ADL3.test.csv@129.out
OPPORTUNITY,S1-ADL1.test.csv@90.out
OPPORTUNITY,S3-ADL4.test.csv@66.out
OPPORTUNITY,S3-ADL3.test.csv@53.out
OPPORTUNITY,S1-ADL5.test.csv@104.out
OPPORTUNITY,S1-ADL4.test.csv@78.out
OPPORTUNITY,S1-ADL3.test.csv@115.out
OPPORTUNITY,S3-ADL3.test.csv@57.out
OPPORTUNITY,S2-ADL4.test.csv@93.out
OPPORTUNITY,S1-ADL5.test.csv@67.out
OPPORTUNITY,S1-ADL1.test.csv@80.out
OPPORTUNITY,S2-ADL4.test.csv@67.out
OPPORTUNITY,S2-ADL2.test.csv@40.out
OPPORTUNITY,S2-ADL5.test.csv@78.out
OPPORTUNITY,S3-ADL5.test.csv@38.out
OPPORTUNITY,S4-ADL5.test.csv@130.out
OPPORTUNITY,S3-ADL3.test.csv@108.out
OPPORTUNITY,S2-ADL4.test.csv@76.out
OPPORTUNITY,S4-ADL5.test.csv@79.out
OPPORTUNITY,S2-ADL1.test.csv@102.out
OPPORTUNITY,S1-ADL4.test.csv@103.out
OPPORTUNITY,S1-ADL2.test.csv@80.out
OPPORTUNITY,S3-ADL5.test.csv@55.out
OPPORTUNITY,S1-ADL5.test.csv@17.out
OPPORTUNITY,S3-ADL5.test.csv@63.out
OPPORTUNITY,S1-ADL2.test.csv@115.out
OPPORTUNITY,S3-ADL3.test.csv@109.out
OPPORTUNITY,S4-ADL5.test.csv@42.out
OPPORTUNITY,S1-ADL2.test.csv@79.out
OPPORTUNITY,S1-ADL3.test.csv@68.out
OPPORTUNITY,S1-ADL5.test.csv@132.out
OPPORTUNITY,S1-ADL3.test.csv@111.out
OPPORTUNITY,S4-ADL4.test.csv@94.out
OPPORTUNITY,S2-ADL3.test.csv@40.out
OPPORTUNITY,S3-ADL4.test.csv@52.out
OPPORTUNITY,S1-ADL2.test.csv@120.out
OPPORTUNITY,S4-ADL5.test.csv@120.out
OPPORTUNITY,S1-ADL5.test.csv@106.out
OPPORTUNITY,S1-ADL5.test.csv@111.out
OPPORTUNITY,S4-ADL5.test.csv@89.out
OPPORTUNITY,S1-ADL4.test.csv@80.out
OPPORTUNITY,S3-ADL3.test.csv@55.out
OPPORTUNITY,S2-ADL3.test.csv@94.out
OPPORTUNITY,S3-ADL2.test.csv@55.out
OPPORTUNITY,S2-ADL3.test.csv@52.out
OPPORTUNITY,S4-ADL5.test.csv@5.out
OPPORTUNITY,S3-ADL4.test.csv@84.out
OPPORTUNITY,S1-ADL5.test.csv@112.out
OPPORTUNITY,S4-ADL2.test.csv@77.out
OPPORTUNITY,S1-ADL2.test.csv@109.out
OPPORTUNITY,S2-ADL5.test.csv@80.out
OPPORTUNITY,S3-ADL1.test.csv@63.out
OPPORTUNITY,S1-ADL2.test.csv@52.out
OPPORTUNITY,S3-ADL5.test.csv@42.out
OPPORTUNITY,S2-ADL4.test.csv@81.out
OPPORTUNITY,S3-ADL2.test.csv@63.out
OPPORTUNITY,S3-ADL5.test.csv@50.out
OPPORTUNITY,S1-ADL3.test.csv@120.out
OPPORTUNITY,S2-ADL3.test.csv@79.out
OPPORTUNITY,S1-ADL5.test.csv@110.out
OPPORTUNITY,S1-ADL3.test.csv@55.out
OPPORTUNITY,S3-ADL4.test.csv@124.out
OPPORTUNITY,S2-ADL3.test.csv@38.out
OPPORTUNITY,S3-ADL3.test.csv@81.out
OPPORTUNITY,S4-ADL3.test.csv@42.out
OPPORTUNITY,S1-ADL2.test.csv@82.out
OPPORTUNITY,S4-ADL2.test.csv@119.out
OPPORTUNITY,S1-ADL5.test.csv@53.out
OPPORTUNITY,S2-ADL2.test.csv@66.out
OPPORTUNITY,S4-ADL4.test.csv@92.out
OPPORTUNITY,S2-ADL3.test.csv@55.out
OPPORTUNITY,S1-ADL5.test.csv@89.out
OPPORTUNITY,S1-ADL4.test.csv@40.out
OPPORTUNITY,S2-ADL4.test.csv@54.out
OPPORTUNITY,S1-ADL3.test.csv@78.out
OPPORTUNITY,S1-ADL5.test.csv@18.out
OPPORTUNITY,S1-ADL3.test.csv@114.out
OPPORTUNITY,S2-ADL4.test.csv@101.out
OPPORTUNITY,S1-ADL5.test.csv@108.out
OPPORTUNITY,S3-ADL4.test.csv@80.out
OPPORTUNITY,S2-ADL4.test.csv@92.out
OPPORTUNITY,S1-ADL5.test.csv@129.out
OPPORTUNITY,S2-ADL4.test.csv@94.out
OPPORTUNITY,S3-ADL5.test.csv@104.out
OPPORTUNITY,S1-ADL3.test.csv@128.out
OPPORTUNITY,S1-ADL4.test.csv@16.out
OPPORTUNITY,S4-ADL3.test.csv@120.out
OPPORTUNITY,S1-ADL5.test.csv@77.out
OPPORTUNITY,S1-ADL3.test.csv@77.out
OPPORTUNITY,S4-ADL4.test.csv@42.out
OPPORTUNITY,S1-ADL5.test.csv@82.out
OPPORTUNITY,S2-ADL5.test.csv@89.out
OPPORTUNITY,S1-ADL5.test.csv@49.out
OPPORTUNITY,S2-ADL4.test.csv@68.out
OPPORTUNITY,S1-ADL4.test.csv@66.out
OPPORTUNITY,S4-ADL1.test.csv@38.out
OPPORTUNITY,S3-ADL5.test.csv@126.out
OPPORTUNITY,S3-ADL4.test.csv@42.out
OPPORTUNITY,S4-ADL5.test.csv@55.out
OPPORTUNITY,S1-ADL4.test.csv@133.out
OPPORTUNITY,S1-ADL1.test.csv@79.out
OPPORTUNITY,S4-ADL4.test.csv@6.out
OPPORTUNITY,S1-ADL5.test.csv@76.out
OPPORTUNITY,S1-ADL4.test.csv@17.out
OPPORTUNITY,S4-ADL5.test.csv@118.out
OPPORTUNITY,S2-ADL1.test.csv@124.out
OPPORTUNITY,S1-ADL2.test.csv@122.out
OPPORTUNITY,S1-ADL2.test.csv@81.out
OPPORTUNITY,S1-ADL4.test.csv@42.out
OPPORTUNITY,S4-ADL2.test.csv@42.out
OPPORTUNITY,S1-ADL5.test.csv@45.out
OPPORTUNITY,S3-ADL4.test.csv@92.out
OPPORTUNITY,S4-ADL5.test.csv@124.out
OPPORTUNITY,S2-ADL3.test.csv@93.out
OPPORTUNITY,S2-ADL2.test.csv@125.out
OPPORTUNITY,S4-ADL2.test.csv@79.out
OPPORTUNITY,S3-ADL3.test.csv@80.out
OPPORTUNITY,S1-ADL3.test.csv@38.out
OPPORTUNITY,S4-ADL5.test.csv@52.out
OPPORTUNITY,S1-ADL2.test.csv@77.out
OPPORTUNITY,S2-ADL4.test.csv@96.out
OPPORTUNITY,S1-ADL5.test.csv@90.out
OPPORTUNITY,S1-ADL2.test.csv@96.out
OPPORTUNITY,S4-ADL5.test.csv@65.out
OPPORTUNITY,S1-ADL4.test.csv@112.out
OPPORTUNITY,S2-ADL2.test.csv@91.out
OPPORTUNITY,S2-ADL3.test.csv@68.out
OPPORTUNITY,S1-ADL3.test.csv@49.out
OPPORTUNITY,S1-ADL5.test.csv@93.out
OPPORTUNITY,S1-ADL3.test.csv@109.out
OPPORTUNITY,S1-ADL5.test.csv@68.out
OPPORTUNITY,S1-ADL5.test.csv@78.out
OPPORTUNITY,S4-ADL3.test.csv@108.out
OPPORTUNITY,S2-ADL5.test.csv@79.out
OPPORTUNITY,S1-ADL1.test.csv@81.out
OPPORTUNITY,S3-ADL3.test.csv@63.out
OPPORTUNITY,S2-ADL2.test.csv@103.out
OPPORTUNITY,S1-ADL3.test.csv@42.out
OPPORTUNITY,S3-ADL1.test.csv@68.out
OPPORTUNITY,S1-ADL5.test.csv@39.out
OPPORTUNITY,S3-ADL4.test.csv@109.out
OPPORTUNITY,S1-ADL4.test.csv@115.out
OPPORTUNITY,S1-ADL5.test.csv@119.out
OPPORTUNITY,S4-ADL2.test.csv@31.out
OPPORTUNITY,S3-ADL5.test.csv@67.out
OPPORTUNITY,S3-ADL4.test.csv@81.out
OPPORTUNITY,S1-ADL5.test.csv@79.out
OPPORTUNITY,S2-ADL3.test.csv@92.out
OPPORTUNITY,S3-ADL1.test.csv@40.out
OPPORTUNITY,S1-ADL5.test.csv@83.out
OPPORTUNITY,S1-ADL3.test.csv@53.out
OPPORTUNITY,S4-ADL1.test.csv@68.out
OPPORTUNITY,S1-ADL3.test.csv@104.out
YAHOO,Yahoo_A2synthetic_51_data.out
YAHOO,YahooA4Benchmark-TS18_data.out
YAHOO,YahooA3Benchmark-TS31_data.out
YAHOO,Yahoo_A1real_36_data.out
YAHOO,YahooA4Benchmark-TS51_data.out
YAHOO,YahooA4Benchmark-TS27_data.out
YAHOO,YahooA3Benchmark-TS10_data.out
YAHOO,YahooA4Benchmark-TS95_data.out
YAHOO,Yahoo_A1real_10_data.out
YAHOO,Yahoo_A2synthetic_25_data.out
YAHOO,YahooA3Benchmark-TS75_data.out
YAHOO,YahooA3Benchmark-TS4_data.out
YAHOO,Yahoo_A2synthetic_27_data.out
YAHOO,Yahoo_A1real_41_data.out
YAHOO,Yahoo_A1real_5_data.out
YAHOO,Yahoo_A2synthetic_72_data.out
YAHOO,YahooA3Benchmark-TS91_data.out
YAHOO,YahooA4Benchmark-TS37_data.out
YAHOO,YahooA3Benchmark-TS56_data.out
YAHOO,YahooA3Benchmark-TS77_data.out
YAHOO,YahooA3Benchmark-TS81_data.out
YAHOO,YahooA4Benchmark-TS76_data.out
YAHOO,YahooA3Benchmark-TS85_data.out
YAHOO,Yahoo_A2synthetic_58_data.out
YAHOO,YahooA4Benchmark-TS89_data.out
YAHOO,Yahoo_A2synthetic_93_data.out
YAHOO,Yahoo_A1real_66_data.out
YAHOO,Yahoo_A2synthetic_86_data.out
YAHOO,YahooA4Benchmark-TS99_data.out
YAHOO,YahooA3Benchmark-TS11_data.out
YAHOO,YahooA4Benchmark-TS9_data.out
YAHOO,YahooA3Benchmark-TS62_data.out
YAHOO,YahooA3Benchmark-TS83_data.out
YAHOO,Yahoo_A1real_3_data.out
YAHOO,YahooA3Benchmark-TS32_data.out
YAHOO,YahooA4Benchmark-TS23_data.out
YAHOO,YahooA3Benchmark-TS88_data.out
YAHOO,Yahoo_A1real_7_data.out
YAHOO,YahooA3Benchmark-TS51_data.out
YAHOO,YahooA3Benchmark-TS3_data.out
YAHOO,YahooA4Benchmark-TS33_data.out
YAHOO,YahooA3Benchmark-TS28_data.out
YAHOO,Yahoo_A1real_8_data.out
YAHOO,YahooA4Benchmark-TS69_data.out
YAHOO,Yahoo_A2synthetic_32_data.out
YAHOO,Yahoo_A1real_17_data.out
YAHOO,Yahoo_A2synthetic_14_data.out
YAHOO,YahooA3Benchmark-TS23_data.out
YAHOO,Yahoo_A1real_42_data.out
YAHOO,YahooA4Benchmark-TS83_data.out
YAHOO,YahooA3Benchmark-TS72_data.out
YAHOO,Yahoo_A2synthetic_40_data.out
YAHOO,Yahoo_A2synthetic_20_data.out
YAHOO,YahooA4Benchmark-TS29_data.out
YAHOO,Yahoo_A1real_1_data.out
YAHOO,YahooA4Benchmark-TS65_data.out
YAHOO,YahooA4Benchmark-TS55_data.out
YAHOO,Yahoo_A2synthetic_55_data.out
YAHOO,YahooA4Benchmark-TS91_data.out
YAHOO,YahooA4Benchmark-TS70_data.out
YAHOO,YahooA3Benchmark-TS20_data.out
YAHOO,Yahoo_A2synthetic_81_data.out
YAHOO,Yahoo_A2synthetic_95_data.out
YAHOO,YahooA3Benchmark-TS37_data.out
YAHOO,Yahoo_A1real_25_data.out
YAHOO,Yahoo_A2synthetic_4_data.out
YAHOO,Yahoo_A1real_53_data.out
YAHOO,YahooA4Benchmark-TS26_data.out
YAHOO,YahooA4Benchmark-TS86_data.out
YAHOO,Yahoo_A1real_49_data.out
YAHOO,Yahoo_A1real_52_data.out
YAHOO,YahooA4Benchmark-TS46_data.out
YAHOO,Yahoo_A2synthetic_26_data.out
YAHOO,Yahoo_A2synthetic_37_data.out
YAHOO,YahooA3Benchmark-TS63_data.out
YAHOO,YahooA3Benchmark-TS71_data.out
YAHOO,YahooA4Benchmark-TS72_data.out
YAHOO,YahooA4Benchmark-TS36_data.out
YAHOO,YahooA4Benchmark-TS10_data.out
YAHOO,Yahoo_A1real_29_data.out
YAHOO,YahooA4Benchmark-TS35_data.out
YAHOO,YahooA3Benchmark-TS67_data.out
YAHOO,YahooA3Benchmark-TS27_data.out
YAHOO,YahooA3Benchmark-TS84_data.out
YAHOO,YahooA4Benchmark-TS2_data.out
YAHOO,YahooA3Benchmark-TS48_data.out
YAHOO,YahooA3Benchmark-TS17_data.out
YAHOO,YahooA4Benchmark-TS17_data.out
YAHOO,Yahoo_A1real_51_data.out
YAHOO,YahooA4Benchmark-TS87_data.out
YAHOO,YahooA3Benchmark-TS65_data.out
YAHOO,YahooA4Benchmark-TS47_data.out
YAHOO,YahooA4Benchmark-TS34_data.out
YAHOO,YahooA3Benchmark-TS95_data.out
YAHOO,Yahoo_A1real_46_data.out
YAHOO,YahooA4Benchmark-TS94_data.out
YAHOO,YahooA4Benchmark-TS3_data.out
YAHOO,YahooA4Benchmark-TS8_data.out
YAHOO,YahooA3Benchmark-TS7_data.out
YAHOO,Yahoo_A2synthetic_43_data.out
YAHOO,Yahoo_A1real_31_data.out
YAHOO,Yahoo_A1real_34_data.out
YAHOO,YahooA3Benchmark-TS100_data.out
YAHOO,YahooA4Benchmark-TS54_data.out
YAHOO,YahooA3Benchmark-TS41_data.out
YAHOO,YahooA4Benchmark-TS28_data.out
YAHOO,YahooA3Benchmark-TS16_data.out
YAHOO,YahooA3Benchmark-TS42_data.out
YAHOO,YahooA4Benchmark-TS41_data.out
YAHOO,YahooA4Benchmark-TS4_data.out
YAHOO,Yahoo_A2synthetic_59_data.out
YAHOO,Yahoo_A2synthetic_74_data.out
YAHOO,YahooA3Benchmark-TS1_data.out
YAHOO,Yahoo_A1real_30_data.out
YAHOO,YahooA4Benchmark-TS64_data.out
YAHOO,YahooA3Benchmark-TS60_data.out
YAHOO,Yahoo_A1real_13_data.out
YAHOO,Yahoo_A2synthetic_35_data.out
YAHOO,YahooA4Benchmark-TS77_data.out
YAHOO,Yahoo_A2synthetic_47_data.out
YAHOO,Yahoo_A1real_28_data.out
YAHOO,Yahoo_A1real_27_data.out
YAHOO,YahooA3Benchmark-TS15_data.out
YAHOO,YahooA4Benchmark-TS85_data.out
YAHOO,Yahoo_A1real_6_data.out
YAHOO,YahooA3Benchmark-TS19_data.out
YAHOO,YahooA4Benchmark-TS75_data.out
YAHOO,Yahoo_A1real_38_data.out
YAHOO,YahooA4Benchmark-TS45_data.out
YAHOO,YahooA3Benchmark-TS61_data.out
YAHOO,YahooA4Benchmark-TS78_data.out
YAHOO,Yahoo_A2synthetic_89_data.out
YAHOO,Yahoo_A1real_55_data.out
YAHOO,Yahoo_A2synthetic_84_data.out
YAHOO,Yahoo_A2synthetic_46_data.out
YAHOO,YahooA4Benchmark-TS12_data.out
YAHOO,Yahoo_A2synthetic_33_data.out
YAHOO,YahooA3Benchmark-TS5_data.out
YAHOO,Yahoo_A2synthetic_57_data.out
YAHOO,Yahoo_A1real_60_data.out
YAHOO,Yahoo_A1real_47_data.out
YAHOO,YahooA3Benchmark-TS44_data.out
YAHOO,Yahoo_A2synthetic_77_data.out
YAHOO,YahooA3Benchmark-TS69_data.out
YAHOO,Yahoo_A1real_61_data.out
YAHOO,YahooA3Benchmark-TS86_data.out
YAHOO,YahooA4Benchmark-TS66_data.out
YAHOO,YahooA3Benchmark-TS29_data.out
YAHOO,YahooA4Benchmark-TS20_data.out
YAHOO,Yahoo_A2synthetic_76_data.out
YAHOO,YahooA3Benchmark-TS26_data.out
YAHOO,YahooA4Benchmark-TS50_data.out
YAHOO,YahooA4Benchmark-TS39_data.out
YAHOO,Yahoo_A1real_23_data.out
YAHOO,YahooA4Benchmark-TS68_data.out
YAHOO,YahooA4Benchmark-TS98_data.out
YAHOO,Yahoo_A2synthetic_90_data.out
YAHOO,YahooA4Benchmark-TS31_data.out
YAHOO,YahooA4Benchmark-TS38_data.out
YAHOO,Yahoo_A2synthetic_63_data.out
